date;rf;BAB2;MOM;IV;STRAT2;fund2
1970-03-01;0.0053454287244885;0.0201938290093666;0.1407794428972492;-0.3316787390242215;;
1970-04-01;0.0054265992379555;-0.0688256946577821;0.203930270755264;-0.4501102771133273;;
1970-05-01;0.0052571613806426;-0.0715516848496384;0.0686978145488626;-0.1009070032413707;;
1970-06-01;0.0049420802433473;-0.0067361323999569;0.3392744953253239;-0.1681238022761501;;
1970-07-01;0.0049127271639275;0.0507734723444331;-0.2080637034374146;-0.0476216824901724;;
1970-08-01;0.005090674105442;0.0182581095254665;-0.0645702646944342;0.134038069322071;;
1970-09-01;0.0048490414558046;0.0067750038711709;-0.6123607324595164;0.4446417825125136;;
1970-10-01;0.0043948761863424;0.0329603940959377;0.3226413070043694;-0.2262033367592875;;
1970-11-01;0.0037076942182036;0.0136123636264106;0.17401269592699;-0.200978249203086;;
1970-12-01;0.003699238909563;0.0137086580765455;-0.2165182256491095;-0.0042102841189741;;
1971-01-01;0.0033852613304713;0.0413512766392227;-0.3018135606487941;0.1604785891104987;;
1971-02-01;0.0026907338235189;0.0005456254367332;-0.170356522317384;0.097403321021798;;
1971-03-01;0.0028386343774685;-0.0056742312340993;-0.0134506023420464;0.0746431962230385;;
1971-04-01;0.0030633396706814;0.0199555498988635;0.1085819248486227;-0.1580661448424638;;
1971-05-01;0.0032247039450728;0.0072259043680933;-0.0456105045724673;-0.0396070084604247;;
1971-06-01;0.0041827415485127;-0.0088691218115059;0.08813729112661;0.0273283071628794;;
1971-07-01;0.0042169682325731;0.0110937595259452;-0.0511292423286389;-0.0080646160850537;;
1971-08-01;0.0036735536335507;0.0326082935857422;0.1199631548037231;-0.109536593651995;;
1971-09-01;0.0037755116794985;0.021877388479448;0.1738526890268394;0.2148313949059886;;
1971-10-01;0.0033263105643395;-0.0122634327154468;-0.1370096224568555;0.0785060370890951;;
1971-11-01;0.0031903183975465;-0.0062099328977591;0.1852075291271694;-0.1295566140011458;;
1971-12-01;0.0027921815646507;0.0665268448735975;0.1693061610078658;0.267892850366194;;
1972-01-01;0.0026057942959712;0.0132205402696672;0.1130874847568935;0.2911263524152101;;
1972-02-01;0.0026225782322082;0.0405941286270715;-0.0188695711030553;0.2522759084980234;;
1972-03-01;0.0029023146699025;0.0068704508813636;0.0391748753361228;-0.2591064651006648;;
1972-04-01;0.0027076923146729;-0.0379766378036976;-0.1490346867178915;0.4083768947283315;;
1972-05-01;0.0028344064781321;0.0096228631031065;0.1639946640794326;-0.0928968745966033;;
1972-06-01;0.0030209882675253;0.008092234629975;0.1629918937177917;0.21032285466243;;
1972-07-01;0.0029277340285526;0.00585012477002;-0.1604257005717629;0.0231935093219296;;
1972-08-01;0.0035887834952282;0.0185280651910589;-0.2352364623616229;0.0550873034879943;;
1972-09-01;0.0036909383287219;0.0007089730242106;-0.0769681575782046;-0.1156342348916071;;
1972-10-01;0.0037838030644534;-0.0257239792968018;0.0677947987434922;0.1591939945630727;;
1972-11-01;0.004097904474831;0.0236319728706691;-0.2123549108326857;-0.1065131007998652;;
1972-12-01;0.004056019204043;0.003688469116638;0.3935307451040858;-0.0412324731958917;;
1973-01-01;0.004642829833284;-0.036333144702529;0.0896243234485462;0.131410957856394;;
1973-02-01;0.0046495160524205;0.0080297247965511;0.2461727948274559;-0.2057069479946173;0.010163419753153172;0.010172950279850886
1973-03-01;0.0048957613251818;-0.0363679892973847;0.0471922080410664;-0.0229936036454019;-0.02563097058227616;-0.00903370175268463
1973-04-01;0.0049891682908994;0.0162428792872838;0.3113731446985592;-0.1655987382550373;0.027720718464201315;0.0200543303025961
1973-05-01;0.005438867533861;-0.0256047287031128;0.234450051518022;-0.122402585273509;-0.008440467806838662;0.0008517925224847244
1973-06-01;0.0061964142972422;0.0205748777615506;0.1922027154626875;0.1400776942259204;0.052606190379944684;0.03478588905834887
1973-07-01;0.0069265214418564;-0.0098182797403631;-0.5097142950396077;0.3736325809184838;-0.018110010176909656;-0.00291558411904219
1973-08-01;0.0071510640853282;0.0020201368112295;0.19655457728231;-0.1626031960255973;0.003568711409246854;0.009090523757801134
1973-09-01;0.0061126318850435;0.0179507406206304;-0.0212311805352062;-0.0124043977164924;0.010684223234848472;0.011919103106559293
1973-10-01;0.0057734963495018;0.0079040666694344;0.14409308872921;-0.0578968891496675;0.01436521232900153;0.013580445918587083
1973-11-01;0.0062062012917272;-0.0642380532394677;0.4087371232503646;-0.2704634219180563;-0.039017767142430985;-0.014998479391224024
1973-12-01;0.006136268383761;-0.0130240252284837;0.191670732297688;0.0487044246038301;0.0150271756962966;0.01430297000570116
1974-01-01;0.006291944734231;0.0279673501368812;-0.6779269914015988;0.545344107669136;0.01707404739602235;0.015571043706670852
1974-02-01;0.0061472681271693;0.0121603278781312;-0.0778073145848344;0.3051499302591242;0.03478908062504618;0.025053817628443196
1974-03-01;0.0070829185945799;-0.012454917466759;-0.0037128337792017;0.2116699930523404;0.012095080092345374;0.013656137155669618
1974-04-01;0.0073093930829878;-0.0324045939015817;0.046207832468569;0.0895572909764986;-0.01176156700351899;0.0009174262712955388
1974-05-01;0.0065281539330301;-0.0003562673890995;0.2426217503465059;-0.3051064677710051;-0.009031333108681466;0.001619965978248432
1974-06-01;0.0064005609452156;-0.0174132481351543;0.0696380754725253;0.2521938569991461;0.01908225974711432;0.01677104737437527
1974-07-01;0.0064287856629752;-0.0213920131631157;0.1147906686649978;-0.0424207556241964;-0.010410928478449585;0.0007708398048050001
1974-08-01;0.0076792662048764;-0.0658135359645305;-0.0470674356910528;1.0040408764412383;0.03628728245536004;0.027400031734823818
1974-09-01;0.0051420684130875;-0.0328542642521065;-0.0539709837909266;0.4752631433791839;0.011800978488370042;0.011555453876145864
1974-10-01;0.0055603228940645;0.0019387280536966;-0.0752171043040523;0.1628499749521401;0.008754714946419181;0.010318179340114142
1974-11-01;0.0062487487698951;-0.0133439620595024;-0.1602349984541496;-0.0864210411140264;-0.03523764547684354;-0.012901578762377769
1974-12-01;0.0054473790783823;-0.0545415311058644;-0.0104184700472342;-0.3521906087554171;-0.07739192759365641;-0.03661220639382009
1975-01-01;0.0046166619965279;0.1131024280908915;-0.2413351997629956;0.3339430392056782;0.09446509355839873;0.055954867416607594
1975-02-01;0.0039629401965206;0.0131922276838988;0.0977959707989087;-0.1557965222303933;0.006009731587679673;0.007229002009894096
1975-03-01;0.0043949156098442;-0.0061484516694851;-0.2800883715075185;0.2185086538790094;-0.014472442131650557;-0.0034703093012556138
1975-04-01;0.004344918051865;0.0246466051826354;0.256303965189866;0.2012600914554409;0.06799979399913043;0.0413002341516931
1975-05-01;0.0040469811204181;0.0258299062983939;-0.1612508526942996;0.2615326752547584;0.029197784746089507;0.01991487278962338
1975-06-01;0.0047089669458844;0.0571671641698238;0.0491806499919065;-0.1813119093248233;0.03254068990249359;0.022393601129754328
1975-07-01;0.0050247927684161;0.0040715323640681;-0.0033062104490078;-0.1219225471175191;-0.009031270133331175;0.00011663903835541431
1975-08-01;0.0049734152535025;-0.044031570374314;-0.006260673895724;-0.0645735159123927;-0.041905618005800394;-0.01780070314725038
1975-09-01;0.0052435293868962;-0.010812757533544;0.0598081330693272;-0.2162246632445346;-0.02288883098595006;-0.007195684535606878
1975-10-01;0.004429829167846;-0.0091374875762755;0.330613133273961;0.0590368966462578;0.037315532079923885;0.02470940947752308
1975-11-01;0.0043197562096458;0.041844141112378;0.1746579270722926;-0.0578501636614155;0.04737836569231928;0.030068105983695116
1975-12-01;0.0043100256969551;-0.0327650588998294;-0.0613799474481697;0.1067658551521369;-0.021942778613421008;-0.007615044543373728
1976-01-01;0.0037677495724505;0.0370028373086804;-0.019653032370045;0.4432558605951222;0.07061771660043319;0.04214580758907418
1976-02-01;0.0038780419340355;0.0638895994554408;-0.0038711042642051;0.3847596504427036;0.08770899014389302;0.05154456068269117
1976-03-01;0.0039629446894186;0.0071574641451266;0.0680532600942031;0.0464957796742136;0.018826376590706097;0.014194368301273142
1976-04-01;0.0039114839115611;0.0237285180379477;-0.0903663342152657;-0.2919384592113515;-0.02227719428643636;-0.00819532859853368
1976-05-01;0.0042170016487245;-0.0090189651171453;0.0558038890096959;-0.2641853418694387;-0.02602546851041347;-0.009926856132091003
1976-06-01;0.0044134747036047;0.0051256903482449;-0.0326632384611448;0.0196224857714731;0.0017672598163496808;0.005373913571177767
1976-07-01;0.0042345321655588;0.0335207913197076;0.0314583975063188;-0.0016006013451436;0.029768631429072274;0.020412657415978107
1976-08-01;0.0039703965525231;0.0245377475333941;0.0343665808913613;-0.0873521449578735;0.01469803162334786;0.01195822081994714
1976-09-01;0.0042348330698397;-0.0116765467557797;-0.0034382569100086;-0.0188697257203666;-0.011336611501612718;-0.0019261864995490296
1976-10-01;0.0039629312107249;0.0005230782755887;0.0974232860255875;-0.171563939586622;-0.003968667332270796;0.0018061106215183456
1976-11-01;0.0036226662796241;-0.0129531286028023;-0.0904188270941963;0.2838980668265536;0.006234312272862105;0.007010779201136819
1976-12-01;0.0035471786884544;0.0226331416677333;-0.0048892201352206;0.093145383140728;0.025950893790666937;0.017650507929708084
1977-01-01;0.003792532032355;0.0021564701375213;0.2213945257894627;0.0873181193616601;0.03783778709977677;0.02435593819220498
1977-02-01;0.0036907289582565;0.004487440105455;0.1547150613066111;-0.0085680169713118;0.021756837096483943;0.01551474701694815
1977-03-01;0.003784513411088;0.0031860881893115;-0.0134244689652377;-0.0028584427556458;0.0005517856816191515;0.004084388059000251
1977-04-01;0.0036570164504588;0.0258632980769202;0.1801709281967966;-0.2777036635326161;0.01528357010440369;0.011963058735665484
1977-05-01;0.0040292417922952;0.0090756462976881;0.1862751358901012;-0.0721230969830634;0.022847849332402352;0.01644618373613363
1977-06-01;0.0041244733349696;0.0109197071490449;0.0821083455663222;-0.024575825914532;0.016189087671965037;0.012922630168988078
1977-07-01;0.0044552771020529;0.0083048314734491;-0.097379764050471;0.1469601437743453;0.008777362912401339;0.009225441861005658
1977-08-01;0.004481415536191;-0.018567016565493;-0.0864393221313971;0.0115149248643575;-0.024108589469685755;-0.008620690987611371
1977-09-01;0.0048459696968944;-0.004229668824895;0.061781819384227;-0.1566951879484421;-0.010761776295107186;-0.0010026486796025748
1977-10-01;0.0048533356861204;-0.0437115299109;-0.0126153890242046;0.0900178390720396;-0.02667635589383769;-0.009644254769240256
1977-11-01;0.0047447920430317;0.0247303493732088;0.2317310759072011;0.3416645771585362;0.08181572348087857;0.04920854325984656
1977-12-01;0.0047950208416807;0.0140289617690121;-0.0046900763685188;-0.0958087374326681;0.0009581563884926328;0.005315742598724077
1978-01-01;0.0049972673781798;-0.0404125694761833;-0.0149162470753913;0.2027260824683689;-0.013551853776777412;-0.0023676525812227666
1978-02-01;0.005073687645022;0.0323559006164611;0.3192729257753034;-0.0255837040708645;0.06415516060670853;0.03993959091064765
1978-03-01;0.0054143544643407;0.0289827512275067;0.0469275366486698;0.3276913255643969;0.06024249162077233;0.038153870123981616
1978-04-01;0.0050405402832728;0.0369768155078548;-0.0349177992736106;-0.0823169793903105;0.01576092777638684;0.013606008408226015
1978-05-01;0.0054247810447027;0.0281051473987061;0.150034661235314;0.2603682491189062;0.06701173843218937;0.041843126314869625
1978-06-01;0.0054663087295911;-0.0206970789285276;0.2562467661230839;0.0558645927305555;0.023684292303825627;0.018337825791830943
1978-07-01;0.0054308515984592;-0.0171668083011022;0.0338858502641967;-0.2028899754718832;-0.02787108174972723;-0.009716027171769004
1978-08-01;0.0063344840109736;0.015405274358414;0.3402693645945536;0.7283136356264278;0.12766263354734142;0.07571429679303661
1978-09-01;0.006682757638999;0.0319281852534347;-0.2476386109354342;-0.0560392977010984;-0.015331226324332661;-0.0016491839992501455
1978-10-01;0.0071136534173716;-0.0742244227781436;-0.3402096524336231;-0.5479314666729375;-0.15615400252049408;-0.0777501407798874
1978-11-01;0.0075523822775472;-0.0041187213373382;0.297585784898184;0.105630189137974;0.04809368455958341;0.03368948080063324
1978-12-01;0.0070233440121876;0.0136519535522507;0.1575248035404257;0.0123457781679685;0.033649093855518265;0.02531035382164912
1979-01-01;0.0079349796775909;0.0032005968137429;0.179076021384653;0.3765373856764746;0.06497824976756356;0.04324820077065186
1979-02-01;0.0079520250277323;-0.0095414584299337;-0.0453976792576673;0.0076951158290611;-0.013678901161937578;0.0005180596197757199
1979-03-01;0.0080351419365889;0.0563476483394189;0.2748807006331899;0.1897458479084385;0.10352978145806668;0.06429966237878174
1979-04-01;0.007974447709295;0.0151231496196393;0.1160178243909172;-0.1493744480725534;0.015917691621356648;0.01662511105475076
1979-05-01;0.0080724469228254;0.0092773830873691;0.0334043486977433;-0.1322550365583734;6.867014703677322e-06;0.00807617888558752
1979-06-01;0.0074917972536331;0.0223924081338167;0.0076300029642053;0.053158027876245;0.022903165130968545;0.019938801241797047
1979-07-01;0.0075817749747684;0.0233261922712249;-0.1796096673344518;0.4198637454383301;0.02782708318538095;0.022704742189420767
1979-08-01;0.0083783501539266;0.0342999015664539;-0.0071956889755135;-0.0114292761948338;0.02348591435096918;0.0211420563019872
1979-09-01;0.00856597338523;0.0117030160337223;0.0478583340393052;-0.0448831522401238;0.01134688631583674;0.014732576927527833
1979-10-01;0.0097641766025341;-0.0493419596521154;0.2544865705985756;-0.177416719797077;-0.016794051610416007;0.0006372447493627927
1979-11-01;0.0090864990406916;0.0005943118629779;0.3029606756315355;0.0950058860699557;0.05549842150633477;0.0392477920268781
1979-12-01;0.0077870691022391;-0.0103566652423086;0.0048043696755717;0.1852919796937135;0.011978524085587873;0.014296943882123946
1980-01-01;0.0097680116838783;0.0943966855336739;0.0091452783515376;0.4248172426688107;0.11462963096097363;0.0720648805041514
1980-02-01;0.0113469732138;-0.041325571689825;0.0419978635864171;0.291027305202042;0.004366804789848784;0.013720166452549648
1980-03-01;0.0125422056693158;-0.0298360142717396;0.1289205202666131;-0.5174385765276848;-0.05203703379265742;-0.01573795401366329
1980-04-01;0.007698274877289;-0.0144717514223151;-0.1257564193986654;0.0428824193721761;-0.02632318295559558;-0.0066073794441061755
1980-05-01;0.0059850219430287;0.0194792072849475;0.1129532876816654;0.0010450520456717;0.03251023307977609;0.023653103995712226
1980-06-01;0.0051675190129411;0.0672394557913142;-0.0705886217228644;-0.1993646254733695;0.01926412559937578;0.015636842654139574
1980-07-01;0.0062493837112683;0.0463277515753386;-0.0766390979708089;-0.0887398947299798;0.013308621200741338;0.013482115965318354
1980-08-01;0.0077474551328792;0.0414381520912007;-0.1326091419288616;0.5223416046834836;0.059891485078667026;0.040296212012915944
1980-09-01;0.0089958087607633;-0.0488753537419177;0.2957630229246499;0.2885132751937516;0.03804827050730447;0.029673604691544862
1980-10-01;0.0097354192881058;0.0083316148648856;0.197935841128776;-0.1129039942781031;0.02685533617325486;0.024330278755804666
1980-11-01;0.0122097925161491;0.0036763571525109;0.8559318529820534;-0.3373118382116655;0.08405385013530822;0.05788988091755832
1980-12-01;0.0104396946909683;-0.0134710708597875;0.1276675342528821;0.011562667596127;0.007626742062447279;0.014584540537607164
1981-01-01;0.0115994186383025;-0.0168395936929698;-0.2991302559908724;0.4084986221077935;-0.011895169889846943;0.005134843711118564
1981-02-01;0.0116935682481933;0.0192557686735956;-0.1047452565530502;-0.1137919859338549;-0.008945731763694731;0.006831901386734293
1981-03-01;0.010847249538845;0.0763839325982411;-0.2722540235966814;0.2452066275512259;0.04918086474263172;0.03757518937128167
1981-04-01;0.0115160300377899;0.0432040782403392;0.1780663627360433;-0.0450387188773637;0.051399712868479816;0.03944982990370367
1981-05-01;0.0134587307117323;-0.0080566317000118;-0.1223564853132591;0.1508199119414881;-0.006177325946912058;0.010101587702994299
1981-06-01;0.0120094019014675;-0.0103023260657992;-0.1424323226046226;0.241192130106611;-0.0011726860646512592;0.011372091379532611
1981-07-01;0.01246430801276;-0.0178016327737571;-0.0237075594123379;0.0386334747637956;-0.01277376799945563;0.005522248243993815
1981-08-01;0.0124737309944558;-0.0139362610630046;-0.0261883264123675;-0.2359574995984645;-0.037984292481961654;-0.008169295299376317
1981-09-01;0.011663837136385;-0.0247859042312135;-0.1812539399048754;-0.1122010632109554;-0.05315590522586557;-0.017224386851756594
1981-10-01;0.0105985000482491;-0.0431085331049282;0.492487051265677;0.3217169595217349;0.06001662794693404;0.04321526734394249
1981-11-01;0.0085367807348808;0.020998608849781;0.1168264770967732;0.008234595464731;0.031392044019345;0.02559716932619694
1981-12-01;0.0080298181053992;-0.0014634273343501;-0.2173733967600193;-0.3199715577186383;-0.060119792927850274;-0.024643015455439645
1982-01-01;0.0099404393026283;-0.014465415229051;-0.0443552787889086;0.1904866836670867;0.0028615371411206325;0.011495576507644887
1982-02-01;0.0098550085865899;-0.0412238133703957;-0.1570030757382104;0.1793857627868064;-0.032552678753125425;-0.007836141084147218
1982-03-01;0.0111842309616608;-0.0538259367722347;-0.1214371649270996;0.4167371181843968;-0.013319660492436429;0.003945499270110751
1982-04-01;0.0101967804109716;0.0662820820784045;0.0352175651247262;0.1041474043372802;0.06639949688997422;0.0462823955595988
1982-05-01;0.0095304356996108;-0.0028670946731795;0.0424861815541153;-0.0678223932888409;-0.004055628055656744;0.007326355246337032
1982-06-01;0.0098154746740041;0.0022351059805532;0.1107392713204622;0.1598388700543396;0.03301052764911877;0.0277554479026127
1982-07-01;0.0074321909271306;-0.0480913841597633;0.1397084024042566;0.2429580841300241;0.007886378885724691;0.011718139567044024
1982-08-01;0.0051755699135043;0.061653214728995;-0.0262288954230637;-0.3432632676485251;0.006287191176235187;0.008592420518975142
1982-09-01;0.0058495047887703;0.0094341206543923;-0.0849894467278085;0.0521579115002292;0.0016271961962327532;0.006733824376400055
1982-10-01;0.0064189048580104;0.0958606481518038;0.0461524544622548;0.1512871130205736;0.09530326197314376;0.058212623109675884
1982-11-01;0.0063566909721175;0.0428702916459755;0.2528796644570535;0.2250458102600906;0.09200359768430236;0.056357166485150455
1982-12-01;0.0067167919643241;0.0195615057608274;0.259246930518776;0.245266370363959;0.07745546397099623;0.048810907054490635
1983-01-01;0.0066975875690775;0.0666975954892647;-0.1590065420312405;0.1326487883200222;0.04376832744459552;0.030484018097036054
1983-02-01;0.0061873052274136;0.068170149021533;-0.2844321861408011;-0.2072733873961957;-0.011347907684271078;2.0146610002659895e-05
1983-03-01;0.0071433977802428;0.0238884380001497;0.4132684833917882;0.059050702927121;0.07965496873821268;0.05043286052008901
1983-04-01;0.0067593952824021;0.0484884169247598;0.248332382130257;0.5857562786296633;0.1357392800482023;0.08052855995676204
1983-05-01;0.006730860774914;-0.0103583104588844;-0.0022065302012364;0.2993733751247402;0.02563469437655292;0.02066234759412574
1983-06-01;0.0072456192892015;0.0520650617906752;0.2269163950089693;0.0387965118488758;0.0739933228759911;0.04745819164190392
1983-07-01;0.0074321954374855;0.0136545127621933;0.0292277355890587;-0.0605799136997105;0.007307899258302622;0.011403762279581026
1983-08-01;0.0076215278960285;-0.0138951813336118;-0.0177685691389129;-0.0450617520900514;-0.018147838800385525;-0.0022411360909469396
1983-09-01;0.0072958733292912;0.0202887936769377;-0.0320244064616589;-0.0786632241386418;0.0013693018173734526;0.008040037076283611
1983-10-01;0.0070379447028531;0.0364131798749996;-0.0512711696205725;-0.3477357275988336;-0.020927712826564485;-0.004335475674891095
1983-11-01;0.0070845963774784;0.0172357161351251;-0.1632080897715402;-0.1488882527339124;-0.026723084867874454;-0.007438389507853285
1983-12-01;0.0072021878831137;0.0122472290207079;0.0738723428926335;-0.1235438820329878;0.00472008361320889;0.009767374800385595
1984-01-01;0.0074030028595981;-0.0201172349801478;-0.1732555244249189;0.2136074236315531;-0.013076784105330667;0.00029626529818898174
1984-02-01;0.0074084352307237;-0.0677137644813608;0.0224973987450681;-0.0991313248711243;-0.05896604126181123;-0.024637377937675113
1984-03-01;0.0079605445652914;0.0400523274191626;-0.1829192084801992;-0.2126753211387968;-0.021330661589736725;-0.003631863224609594
1984-04-01;0.0077189441439288;-0.0030062614359255;-0.0039507538117455;-0.0683559750300531;-0.011024683320083172;0.0017274457432220856
1984-05-01;0.0077995796981432;-0.0320353846947688;-0.058798570780783;-0.1418162915115203;-0.04913312675017799;-0.018902416340976662
1984-06-01;0.007798610518195;0.0313328265856949;-0.0171910112040995;0.1141321760432168;0.03459923220795745;0.026601984585368964
1984-07-01;0.0080414975886072;0.0011837662594066;-0.036579997934952;-0.1290048281164238;-0.020202674668802593;-0.0029378919733249603
1984-08-01;0.0089328893738383;-0.0224785002969146;-0.2812358155468343;0.090715127497907;-0.0443611811731454;-0.01517573473223319
1984-09-01;0.0086939600708183;-0.003363944724007;0.0193566697179113;0.1055123246757243;0.01329591196459901;0.015919785335723163
1984-10-01;0.0071698113737596;0.022395744547304;0.0036349894982053;0.0415187491635803;0.02215639079824263;0.019210971757140316
1984-11-01;0.0061721818813177;-0.0030724858687452;0.0704157593315537;-0.1183891352296689;-0.006871922263432976;0.0024375520460882087
1984-12-01;0.0063318400955117;-0.0302611199806012;0.0833948942099764;0.211749511811615;0.015482288642259664;0.014745878389963017
1985-01-01;0.0063770647652516;0.0499550102743985;-0.1884984894649283;0.0881081528146965;0.022216795632751443;0.018451052891511353
1985-02-01;0.0064280917580292;-0.0072835683843609;0.007756993817328;0.2101356980332224;0.0212297445622476;0.0179656549604486
1985-03-01;0.0067423771474734;-0.0141379502072369;0.1148249294779421;0.0765204452728982;0.014560265845645305;0.01465533092539564
1985-04-01;0.0061271572076639;0.030339466895728;0.0154957782007301;0.02978671702366;0.028290589554210696;0.021502022602693197
1985-05-01;0.0058580177714591;0.05602729746316;0.0720712702167247;-0.1638573981227815;0.03012383936840937;0.022229185101969688
1985-06-01;0.0055258472224419;0.0363315818626136;-0.0393792718790831;-0.0378109085984718;0.016819945731921596;0.014666851551264806
1985-07-01;0.0058840989296203;0.0196046530392393;0.0426674169817204;-0.1103705984999049;0.006252480768163804;0.009282085741147172
1985-08-01;0.0058914631587056;0.0284436701833609;0.0014769339735606;0.026127624992318;0.024584481216129623;0.019252198847169225
1985-09-01;0.005889748367413;0.0181281368482757;-0.0080281618876835;-0.0157021592984711;0.010294889384561565;0.01148463136697183
1985-10-01;0.0059771120310093;-0.0168395775182663;0.0728197680452489;0.2318335889618583;0.0273775122413361;0.02085575444157935
1985-11-01;0.0054748236298978;-0.0220079213862203;-0.0250987922614343;-0.1372714783505213;-0.037438142595402804;-0.014871390857476116
1985-12-01;0.0049208579650683;0.0078165045593755;-0.0463863211465376;-0.0247407504197111;-0.004961812757076049;0.0022243004009637707
1986-01-01;0.0056533491653519;-0.0086386140348955;-0.0760639870238222;0.0747636914640197;-0.008501235084085634;0.001033249437176976
1986-02-01;0.0057894321984201;0.0050913059024684;-0.0645298729905942;0.3006814816108364;0.032428420683481875;0.02341305230808692
1986-03-01;0.0052269958214151;0.0530119737850241;0.1377911139342538;0.1451832865721805;0.07867845787311038;0.047985761840397226
1986-04-01;0.0049147294962295;0.0699637083241868;-0.2703953737661059;-0.1446606337775952;-0.013278822962420594;-0.0023018085423443246
1986-05-01;0.0051263494979375;0.020035625855215;0.0384868961274289;0.0772398085939706;0.030506546873001014;0.021705503882146246
1986-06-01;0.0049042614646228;0.0064222599436182;0.1332396282060329;0.0277411658587383;0.02980844504844829;0.0211040239113127
1986-07-01;0.004693450239189;0.0028567486264052;0.0781147383218917;-0.1091056289442695;0.00041393713977894674;0.004918409418421004
1986-08-01;0.0042685139264237;0.0317433225075573;0.0343149758870353;-0.1248050121589549;0.011556299488996193;0.010548925607753168
1986-09-01;0.0042588145801907;-0.0119379478274599;-0.0541186936302583;0.1451029682746238;0.0018114768247997955;0.005243283719447878
1986-10-01;0.0042685139264237;-0.0246108228421349;0.1474972051596027;0.0595811121235853;0.016110736841993482;0.013024090047795906
1986-11-01;0.0041329602193784;0.0338645621985168;0.0321206377567109;0.0338853560134626;0.03356381920553014;0.022373626481892506
1986-12-01;0.0042606256794728;-0.0673391917587278;0.0405125450787797;-0.1112640963744139;-0.05373764094440477;-0.024943749668854556
1987-01-01;0.0046506223051825;0.0713055209365909;0.1532980503956379;-0.003691530002287;0.07580009837472228;0.04584510880424086
1987-02-01;0.0044722877482592;0.0194409184277349;-0.2659345495528462;-0.0688151006025283;-0.04335009504306698;-0.019086849288165026
1987-03-01;0.0043351741143273;0.0556202159264625;0.1611813904674425;0.119747950361255;0.08300969664273583;0.04944780458527212
1987-04-01;0.0040480689119685;-0.0149160019341835;-0.1408096490446417;-0.2382490366993695;-0.06743577771582607;-0.03260072567052633
1987-05-01;0.0044892312847934;0.0131851648388181;-0.2027239822549872;-0.2461237707701152;-0.05865684216245129;-0.027388543867861208
1987-06-01;0.0041061076724503;0.0033544859856497;0.2014522374006567;-0.0320010856048783;0.03143146568620328;0.021187920448668365
1987-07-01;0.0046676006947419;-0.0309884487586675;-0.0106584858428161;0.0228388024113898;-0.020178356896868366;-0.006298573077908834
1987-08-01;0.0047174775170558;-0.0022942591690001;-0.0828878674530275;-0.062402612921637;-0.02388944913973686;-0.008265534525907621
1987-09-01;0.0054162818427905;0.0189508228433557;0.00271164931432;-0.1358618003016332;-0.00545949183550891;0.0024492545231453475
1987-10-01;0.0033521101754468;-0.2069672823238865;0.1722236548210748;-0.2921411711431309;-0.14838068739707877;-0.07728718126033236
1987-11-01;0.0029277684725749;-0.0319101194486689;0.1746285479395533;0.1140293834195337;0.031973556120355046;0.020304186896407537
1987-12-01;0.0030724372039735;-0.0447573578785587;0.0161299991257164;-0.2126074736131402;-0.06041171193491623;-0.029759043296028253
1988-01-01;0.004404345996586;-0.0043102089216203;-0.3221228371861641;-0.0093175381835799;-0.06592835376955086;-0.03142522068601604
1988-02-01;0.0043100311719132;-0.0361323111836961;-0.1734162044240565;1.0236421651655967;0.07694645059837425;0.04612751674634142
1988-03-01;0.0047783832554145;0.0558289392121386;-0.0423139793025877;0.6334755538851589;0.10595137914066977;0.0623589504466365
1988-04-01;0.0047950208416807;-0.0260338177587908;0.1137065494724339;-0.0825143147636997;-0.002588162314800156;0.003388452514983626
1988-05-01;0.0048868910183121;-0.0083722955604536;0.1639502518719505;0.1975226174747165;0.05579703485943387;0.035210469067531995
1988-06-01;0.0054498253264813;0.0072958331622824;-0.2323309345952351;-0.101957355084951;-0.05848838061747869;-0.02633639734815834
1988-07-01;0.005313319862514;0.0106210261033441;-0.0035807502663846;0.0522657087489575;0.012922195421873643;0.012336044321432194
1988-08-01;0.0060032210126555;-0.0236260388240995;-0.0923316665993084;0.5810497478507056;0.035678118890992525;0.025392929185605817
1988-09-01;0.0059084731186432;0.0403095374207572;0.027113800584842;-0.1961074776294762;0.008457854374510358;0.01050499707194137
1988-10-01;0.0056177714105927;-0.0151473244893501;0.1197596251772658;0.0036724725970189;0.016249518000787312;0.014448769842685318
1988-11-01;0.0056884348174829;-0.0430205957395843;0.0261567603777933;-0.1474050216122551;-0.040989998725908916;-0.016588079135881225
1988-12-01;0.0055088165315714;-0.009041713005203;-0.0530620373312557;0.3410043201795536;0.0246309081996158;0.01889478352956392
1989-01-01;0.0065692685779423;0.0192074662584288;0.037970926061346;0.1119957242695734;0.03485687034346996;0.025512659227186454
1989-02-01;0.0062801739433738;0.0334480689814257;-0.0153167264167033;0.053459116300957;0.025237071254559096;0.019995567634978853
1989-03-01;0.007312910013731;-0.0183649193483539;0.1065933233007147;0.1787545251946446;0.03325972267463385;0.025388311313467755
1989-04-01;0.0071340410032374;0.0341470885813888;-0.0862863720726293;-0.0423279731682594;-0.0017365173675722746;0.00619030949381113
1989-05-01;0.0071612818184744;-0.0226220481599002;-0.1249004850202448;-0.1810918458130434;-0.06442589286008832;-0.02785175418702686
1989-06-01;0.0068785758672324;-0.023887809302353;0.0150991541207331;-0.0805483319155809;-0.022340288119540135;-0.005262525754772476
1989-07-01;0.0065359568528583;0.1150456386607303;0.2209022695324541;0.5462822901758839;0.1922513089211801;0.11101727177976478
1989-08-01;0.0064876978109862;-0.0533393908914372;0.0509143509496126;-0.2446187760644946;-0.05247875911186141;-0.022032522875717248
1989-09-01;0.006461472966835;0.0506790912947354;0.1411488996989209;-0.0036558898544577;0.0650049741349881;0.04178921774280234
1989-10-01;0.0064077055329418;0.065100780513992;0.1493894733659903;0.0305245037670677;0.080394885432609;0.050099285010513805
1989-11-01;0.0058920350517224;-0.028662376098527;0.1491728355282497;0.085562110424228;0.026952994477150362;0.02053996811388359
1989-12-01;0.0052198282961067;-0.004866290914116;0.1410074601401484;-0.1693968251232182;0.008010994207377584;0.009573500650045247
1990-01-01;0.0063692010277312;0.0170694815116137;0.1722761537365311;-0.0289359229665465;0.04708538614684941;0.03195832750010755
1990-02-01;0.0064202806122584;-0.0172943002242776;-0.1533225422559294;0.3889391647316809;0.0018844431044849203;0.007444404164739635
1990-03-01;0.0066657439659006;0.0070862363744115;-0.1282364970544256;-0.1438936374525372;-0.042272875886590344;-0.016307965202361357
1990-04-01;0.006263817194568;0.0124225598804837;0.2144534987699133;0.1714291670194187;0.07713979578116749;0.04818637856299928
1990-05-01;0.0061132335621074;-0.0972961789209311;0.2451474724988655;-0.4423131543316818;-0.06304865648341001;-0.028151326563526057
1990-06-01;0.0063678643437795;0.0155387933110364;0.0579831397991673;0.732820892733255;0.10836301173813989;0.06525906263716776
1990-07-01;0.0062206646907205;0.0096547608404893;0.1787315141009015;-0.2323047779178969;0.019457878872714635;0.016795285907698475
1990-08-01;0.0062402320058635;-0.1046025319250187;0.1234255542124618;-0.1858193648882536;-0.06205710709695146;-0.027485458531346863
1990-09-01;0.0058489396731182;-0.0571582806585609;0.1144346362426516;0.228570350933234;0.016115491626094106;0.014607099839810123
1990-10-01;0.0056203883549487;-0.0275689094107632;-0.1081190084407325;-0.2448164989216028;-0.07170105078370813;-0.03334642081561505
1990-11-01;0.0055428302284276;0.0263507829695749;0.1219233683936096;-0.1629165902248981;0.025776562779941666;0.019551417159029028
1990-12-01;0.0045391872160125;0.0201811419541395;0.0733991184166348;-0.3736705612834841;-0.013497993440319059;-0.002796461687670589
1991-01-01;0.004897337897732;-0.0024531320053196;-0.1440413937941413;0.3671437333007447;0.007873167961434585;0.009176106899967139
1991-02-01;0.0047613993864023;0.0443013277846373;-0.9415451434014231;0.4482577794742456;-0.08510043207453961;-0.04148746671437998
1991-03-01;0.0049058347605656;0.0968977549043016;-0.1248351856354908;0.2296088172956999;0.07245864357922129;0.04428436696125351
1991-04-01;0.0045133873991802;-0.0248967571023662;0.060191399165982;-0.1428924405382737;-0.02354022214627636;-0.008279832981560091
1991-05-01;0.0044895861386007;-0.0331743876606006;0.0319446997769828;-0.2733365960418474;-0.05015931236603378;-0.022770102969582463
1991-06-01;0.0043194387972536;-0.0196170348131541;-0.0948801678727006;-0.1167175340869127;-0.04533360734432287;-0.02031766215302816
1991-07-01;0.0046173390794899;-0.0505838813646381;-0.0746156736780448;-0.0224828777736741;-0.05165235618144515;-0.023453762871357555
1991-08-01;0.0044213242079694;-0.0660677097525932;-0.041821102379515;0.0619240096741157;-0.04582486734608426;-0.020482757972469123
1991-09-01;0.0041572902035477;-0.0829764075009443;0.1419897146094513;0.1996949134291347;-0.005206314744460077;0.0013278550570356633
1991-10-01;0.0039886532284641;0.0352589587984661;0.28676245528416;-0.1825322938835786;0.0554877445826842;0.03414414371047705
1991-11-01;0.003386029497956;-0.0045326917151682;-0.3462556243038323;0.2608607243355827;-0.03420217369694097;-0.015201558286322333
1991-12-01;0.0030970865726904;0.0191642594678239;0.4070873281609091;-0.1586279723785315;0.06567569499083442;0.03878934276530798
1992-01-01;0.003106196511409;0.2050583977417071;-0.1950525315445102;0.53728756968609;0.1721194508073242;0.09664660799552054
1992-02-01;0.0032079438337623;0.0661126299540391;-0.1850612952522412;-0.0883320624569671;-0.002932259652152637;0.0016143716189191432
1992-03-01;0.0033428891207823;0.0397257996084814;0.0038006126698146;0.1360918889617801;0.045397175806134525;0.02801453712572513
1992-04-01;0.0029198300958472;-0.0538001231105274;-0.0249160410501021;-0.3026432951316294;-0.08080174096189637;-0.040992859973500564
1992-05-01;0.0030298936132463;0.0598337167050316;0.0332166170122003;-0.0488177483945846;0.04013617068409249;0.02484238432000137
1992-06-01;0.0029276022876051;0.0019212968580411;-0.0323209362458786;-0.1007389944244721;-0.01850003671907272;-0.007126467947085637
1992-07-01;0.0025637394807256;-0.0263873537437159;0.51207042194171;0.1364033748558135;0.0982263908226726;0.0559460677013602
1992-08-01;0.0025210601193511;-0.0268165915186897;-0.1582565519145292;-0.0524859930256161;-0.055304352454230904;-0.027534763677240733
1992-09-01;0.0022419765623395;-0.0031571116939819;0.0863749845105153;0.1897749587608152;0.03970908976302303;0.02382236494186503
1992-10-01;0.0023095759313476;0.0159704395396241;-0.008693138779454;0.3590062187385824;0.05394186154670861;0.03162493745284384
1992-11-01;0.0022246265142203;0.0648780006366727;0.0906953139826825;0.2167193745343308;0.08825994973571875;0.05019057096223048
1992-12-01;0.0024367463724952;0.0493159386278374;0.0601393578137115;0.2323069296069158;0.07398793407257614;0.04264639011436092
1993-01-01;0.0023858174142801;0.0413886770681117;0.440778740076214;0.1327187866681007;0.1230092504990073;0.06923669251328236
1993-02-01;0.0022672223595571;-0.009510573561658;-0.0590814815830107;-0.2511333841857766;-0.05074746904222048;-0.02531210765643502
1993-03-01;0.0023860047390099;0.0165118633036521;0.1722805418276572;-0.1133049850512952;0.0251742205219787;0.016067241434644584
1993-04-01;0.0023773458179233;-0.0159895249098593;0.150749947363652;-0.0055463659818713;0.01399895538665372;0.009985248591684573
1993-05-01;0.0024620653953214;0.0144012519041642;0.258287689984556;0.5852972535645502;0.13330072189051764;0.07490596594393703
1993-06-01;0.0023860047390099;0.0072861303120579;0.1460613558289505;0.0881847098494044;0.042174309341607964;0.025306146718130983
1993-07-01;0.0024034260097392;0.0033878530728649;0.0337278501725517;0.0024786476111238;0.008501090812019578;0.007023447331502988
1993-08-01;0.0023854428833693;-0.0053153007343381;-0.0974847991962857;0.0371966272558763;-0.015181820674219358;-0.0058653024349747
1993-09-01;0.0023181352960653;0.1096544870838198;0.3530213895590226;0.0463633278088764;0.14241385739864926;0.07971468030957266
1993-10-01;0.0023604028649776;0.0089184511784503;0.0914115938723201;0.2171766459653102;0.0529477667502196;0.031135511463973583
1993-11-01;0.002292288425261;0.0445406114124971;-0.1787666141423507;0.165592248846064;0.02390486586910249;0.015283678877531655
1993-12-01;0.0024535930768981;0.0334236917567201;-0.019404866171623;-0.1326083110717106;0.0004265200042233605;0.0026853905670372004
1994-01-01;0.0023262508042491;0.0922163096722786;0.1480123413183976;0.1146397890021342;0.10512577211280116;0.05945813180254655
1994-02-01;0.0024194156513306;-0.0648172204065471;-0.1560485231421857;0.0928723753511584;-0.057237918579919514;-0.028687228201799295
1994-03-01;0.0028265824995065;-0.027390811870903;0.0233225306355371;-0.053520730336953;-0.022476319867420096;-0.009388447232377362
1994-04-01;0.0030129382973249;0.0227258123280056;-0.0763207712860908;-0.0694057104157594;-0.008110427676663966;-0.0013947723863242897
1994-05-01;0.0031564127666332;0.0095650892959983;-0.1533072436774446;-0.059011267839985;-0.028754721690700633;-0.012470690889828084
1994-06-01;0.002936785279834;-0.0071400939567801;-0.0535542086458134;-0.3065546473612222;-0.059079134639646674;-0.02917048986191667
1994-07-01;0.0032927421096968;0.03665726641375;0.0967848227384615;-0.0823382121804912;0.029216277930884;0.01917068412537492
1994-08-01;0.0036579067797422;0.0201311390882564;-0.1217776027499698;0.3194427130121658;0.040352615238116264;0.025588026915082558
1994-09-01;0.0037423072133913;-0.0090536319969517;0.1212203952144117;0.2173661079565031;0.04558816170864952;0.02851774883274042
1994-10-01;0.0036144036901768;-0.0065105987449853;-0.0502238318008726;0.1715502223907238;0.011930522411509473;0.010098191375754996
1994-11-01;0.0041247510148996;0.0403029682998667;0.031116517345934;0.095127432769433;0.046677182687372504;0.02949203434642459
1994-12-01;0.0039459582020792;-0.0358931773412357;-0.04285896137511;-0.1156109403586637;-0.0486085245112249;-0.022470936362065066
1995-01-01;0.004318210488722;0.0607204365375418;0.0223602046055757;-0.3192818513651233;-0.0002827941265147347;0.004164522577010672
1995-02-01;0.0041824574027564;0.0294865788452091;-0.198110648295421;0.0412105023674704;-0.006993135486419416;0.00038195276545030087
1995-03-01;0.0048119924780039;-0.0014706648554557;-0.0094367723744356;-0.0708358438551183;-0.012939973866576701;-0.0022203938931808715
1995-04-01;0.004778014551056;-0.0106106583054351;0.0696094102954685;-0.0384927068715728;-0.0010999336901634342;0.004180242192960917
1995-05-01;0.004702297089356;-0.0374478915004629;-0.1449269230720329;0.0330125909742363;-0.04488299870387389;-0.019689915108096322
1995-06-01;0.0044383062380114;0.0913240618756387;0.1119024565196961;0.1607917977717023;0.10587124787225027;0.06197532511563174
1995-07-01;0.0045391872160125;0.0506496693998469;0.0292561062596881;0.0383862247863014;0.045084315057667315;0.029040807237414937
1995-08-01;0.0044726006330049;0.0377512354442359;-0.0188314456338246;-0.0819227388807738;0.009600142180318308;0.009689914804302136
1995-09-01;0.0044637798870726;0.0133264185878605;0.1639579631413695;-0.1170982103270455;0.016933201565688123;0.013666334477901373
1995-10-01;0.0041570057225956;-0.0671920460268038;0.0072413585518553;-0.3136740389784239;-0.09397978446424962;-0.04691745256053496
1995-11-01;0.0045150650192569;0.011352773395143;-0.0459783456336374;-0.0084025217219605;-0.001091120960473908;0.003922082046426469
1995-12-01;0.0038186709015347;-0.013859347614033;0.3741249314153769;-0.3914730463540159;-0.012107416549643042;-0.002761252057497652
1996-01-01;0.0041077703406742;0.0337928941758001;-0.1296710151953906;0.2666628983342686;0.045167585911699615;0.02865464492171112
1996-02-01;0.0041499390875098;0.0039498751235676;-0.1463305192202327;0.0982845035232432;-0.009354035055362836;-0.0009336251698205556
1996-03-01;0.0043279288050064;0.064108636849306;0.0440100381428029;-0.1042817431590114;0.03373729761914917;0.022662874023893078
1996-04-01;0.0040297569046222;0.0696441801745579;-0.3307272256185808;-0.0463996800496575;-0.022005183411799488;-0.007929227983304712
1996-05-01;0.0041923877104872;0.1085655721981589;-0.2667129896641644;0.2572813390068131;0.06488717852073883;0.03945611502546324
1996-06-01;0.0040138521688767;-0.0502428710367241;0.0176711571384815;-0.2563730631816937;-0.07151279258774033;-0.03485064579261982
1996-07-01;0.0041926771247278;-0.0843872007221789;0.135809845017628;-0.0848631781655651;-0.04353326433012848;-0.01946600549124957
1996-08-01;0.0042600109993382;0.0674815724956329;0.0309374463530498;0.1826756333202793;0.07954597692447764;0.047490240810788724
1996-09-01;0.0041572902035477;0.0442841541545834;-0.0432559750295705;0.3785434856654802;0.0809061457382822;0.04812672031998619
1996-10-01;0.004135082559754;0.0191067640030265;0.2601287515049474;-0.0273573829034152;0.055543847557026405;0.03432106288635358
1996-11-01;0.0041241908547675;0.0207968313427883;-0.1824867864009104;0.0362846789423075;-0.01435424644537497;-0.003676799171326541
1996-12-01;0.0040615676120867;0.0378081014095727;-0.0012083029327609;-0.0825366901229997;0.011314935866984331;0.01021080729388685
1997-01-01;0.0041411672452133;-0.0620770490308745;-0.0478262417833908;0.043547490433108;-0.04333322487448074;-0.019408801492660346
1997-02-01;0.0042133204988098;0.0819706205977988;-0.0483954676810415;-0.219043678105607;0.012438778968367927;0.010973326399383686
1997-03-01;0.0043524634387999;-0.0789830745328723;0.1053246695297187;-0.0101445729147339;-0.03410044209993951;-0.014179837070276136
1997-04-01;0.004158713387201;-0.0146418065996072;0.0579755650980984;-0.0921908145395905;-0.01363111542307004;-0.0032492822790687707
1997-05-01;0.003678675785512;0.1079863806918066;-0.0613539625671656;0.0093399064722248;0.060700132977088414;0.03666690221305953
1997-06-01;0.0042039585324375;0.1931226718038847;0.1211158144538655;0.0765234077664076;0.15858723386627843;0.09039012193464764
1997-07-01;0.0042645551277715;0.0634866740067268;0.2900551391314436;-0.0430713188207942;0.09232292953445291;0.05443857542335493
1997-08-01;0.0041814874636858;0.0028683970261021;-0.0745120849227616;0.1998480363131484;0.020158495013280722;0.015136867053837558
1997-09-01;0.0039576563297465;0.0243678438556499;0.0285483464813201;0.091514776618362;0.0366779777969977;0.023890750000704675
1997-10-01;0.0040775074420582;-0.0026298178147726;-0.1113061037040332;0.0185682430008548;-0.0213960694223575;-0.007550447030968573
1997-11-01;0.0041584286465064;-0.0229953996483824;0.0363570520792156;-0.0228838321242565;-0.010710551109262334;-0.0016623507789609122
1997-12-01;0.004256362812682;0.0067220756821675;-0.2604114840879713;-0.484426215693461;-0.13109342972145127;-0.0669879579278894
1998-01-01;0.0041878539800933;0.0288951673150562;0.2477516497284952;0.3036917091652684;0.12076717311767737;0.06982024482385824
1998-02-01;0.0042685004431256;0.1331884655857828;0.0224681424378151;-0.1811757203918819;0.05554269106269563;0.0344538522587982
1998-03-01;0.0043585156853722;0.0570127933253833;0.1867907648382211;-0.1406089742540899;0.05145970778711802;0.03232492052039347
1998-04-01;0.003939848933819;0.0404117831472432;0.4580085610790273;0.1144052775115176;0.13928702214650526;0.07963707725327072
1998-05-01;0.0038059431674517;-0.0175146986886956;-0.049291538935604;-0.1337526937562672;-0.045503726174321774;-0.02092361093257376
1998-06-01;0.0039194875127243;0.0262671811922089;0.1450810434095993;-0.1223429399945885;0.02351487079324192;0.016698930391948072
1998-07-01;0.0039544446661993;-0.0593547524053822;0.0835836279407374;0.156129595477381;0.010424436635002005;0.009619731696540214
1998-08-01;0.0039091368311891;-0.1744459839961298;-0.521621852457368;0.09761164514671;-0.19215461088077815;-0.10051962636814402
1998-09-01;0.0033567169681418;-0.019177000313617;-0.0529982213241576;0.334583090845446;0.041330729648488676;0.025818405290550073
1998-10-01;0.002959955006691;0.0037668371209101;-0.1415049108679945;-0.0742232474635095;-0.042012529739766165;-0.019872265877777292
1998-11-01;0.0037013301594708;0.1328107136603007;-0.0274113924088778;-0.0103545755636661;0.06982680120880794;0.04164955557533537
1998-12-01;0.0036619288951157;-0.0280287014336339;0.1684702133495749;0.3068473445203681;0.07986268329686658;0.047064276641256036
1999-01-01;0.0036744338512418;0.0222477490034652;-0.2441224042787902;-0.0707565882026523;-0.052503092431392236;-0.02485901107427377
1999-02-01;0.0037550340420402;-0.0621309714132505;0.1668895033750872;-0.096554001808495;-0.020188610038251106;-0.007216711925150127
1999-03-01;0.0037979329675755;0.0880759862640791;-0.119185679167141;-0.3455914063311838;-0.03907966089972946;-0.017440384631475802
1999-04-01;0.0037104060917821;0.0069826774385515;-0.5469131954844697;0.519998239768596;-0.01063585456305001;-0.0020697785860470485
1999-05-01;0.0036829177398959;0.0638502889964064;-0.502885355195076;0.3359696679721524;0.0029795777828124648;0.005302205569051201
1999-06-01;0.0036982149703045;-0.0217696312263231;-0.0659327571738819;0.3365923995857918;0.0355423015947484;0.023014111579728762
1999-07-01;0.0037083698886024;0.0588621244064285;-0.1652754588922109;0.1060859913158424;0.023642381136089304;0.01655710981637286
1999-08-01;0.0037498657085376;-0.0905979073781583;0.270107186817896;-0.3616589863669939;-0.07014253800682924;-0.03436995071501993
1999-09-01;0.0037510233503105;-0.0531692997596242;0.2036050158292386;0.0575610290852417;0.018304422764169537;0.013698784799167606
1999-10-01;0.0036383782220204;-0.1320826084797874;0.185592764949611;-0.3177276943983737;-0.10383367803507632;-0.052791298515575194
1999-11-01;0.003809230112125;0.1058780235423547;-0.0852229226270257;0.0857625279025443;0.06318175812879857;0.038146125947757875
1999-12-01;0.0042515216362113;-0.063391131255928;0.1526506353574183;0.1638164698250632;0.024718046273656615;0.017684844881644065
2000-01-01;0.0044882590253622;0.0769974151690722;0.3782675653624823;-0.1831657281169488;0.08500051970755708;0.0506828265336492
2000-02-01;0.0044285232563308;-0.0105175360630939;0.3864063044647548;-0.0705837956153642;0.054834388298241346;0.03422893930947557
2000-03-01;0.0048799522041219;0.0096398376314503;-0.2602669141015372;-0.2443583048085655;-0.0927638882202628;-0.045533712458932375
2000-04-01;0.004391606431237;0.0444225926508531;-0.4279789089240316;-0.3016738519719965;-0.11277034683418401;-0.05689481178935073
2000-05-01;0.0038955407026723;-0.0177709488973249;-0.1137156267329002;0.2036874903341786;0.007265793344343258;0.007844224573092053
2000-06-01;0.0046909520023229;0.0586808530776279;-0.0996155833612431;0.338927755242429;0.08243872721372386;0.0494932821842294
2000-07-01;0.004895758586041;0.0412837565712655;-0.186459208609658;0.1230478150714439;0.014115296216688084;0.01256688820059669
2000-08-01;0.005194777544786;-0.0273927429595717;0.1010568457592402;-0.2264935439799869;-0.04108861868687902;-0.01713533262728798
2000-09-01;0.0049330493325822;-0.1432347647264467;0.4947755677236304;0.2950952170411275;0.06210728874156243;0.0386860116956312
2000-10-01;0.0050227214801845;0.0010817648641618;-0.4534155269264786;0.0144056469858745;-0.07871265501281184;-0.03775462939079576
2000-11-01;0.0050991608414032;0.0604567245643455;0.0588880025607879;0.0405494193439634;0.056226922399000394;0.03565636650885178
2000-12-01;0.0048077451664788;0.0095469067886985;-0.3356430025747563;0.419187550864719;0.027629693932095266;0.019823438787773304
2001-01-01;0.0040228720882507;-0.071089898617557;-0.8570950711290194;0.1954012545866816;-0.15032760779340484;-0.07767449694506284
2001-02-01;0.0041778178215662;0.0849396501588744;0.0612748764577039;-0.0815017487146652;0.046828535926226315;0.029627355913813658
2001-03-01;0.0036935227138552;-0.0984909672618172;0.1190903947331167;-0.0001037035134568;-0.04063027070471487;-0.01838749266589028
2001-04-01;0.0031184341160309;0.1089860841029278;-0.0445466954092532;0.0057627079605345;0.06062203929207738;0.03606421957949227
2001-05-01;0.0028710857859855;-0.0186137371688602;-0.1795787976543208;0.4073079704081606;0.03993550324966442;0.024574521331921617
2001-06-01;0.0028455218065409;0.0365010236211311;0.3080031777716668;0.3890567275921202;0.1545885087078842;0.08685852932791582
2001-07-01;0.0030335266455838;-0.1202849056956457;0.2942863785078112;-0.2705242366653203;-0.07889092146377441;-0.03984070529896855
2001-08-01;0.0028116184840435;0.0367441224326337;0.1653987384906784;0.1851693847424892;0.08878246509806363;0.051061530268524113
2001-09-01;0.0019813881839948;-0.1081875997692302;0.0353403254249694;-0.2384439774529584;-0.10998494500381752;-0.05779126949332496
2001-10-01;0.0017444210810398;0.0998155442592261;0.3899241069515409;0.1848855109153571;0.16784246008765524;0.09296044987652996
2001-11-01;0.001439612560039;0.0803823750543376;-0.0027109240596319;0.1975852527388532;0.0900543973337675;0.05038077140665922
2001-12-01;0.0013633599547003;-0.004227810186499;0.3479043986439121;0.2348999576352298;0.10618389228285659;0.05907028924441613
2002-01-01;0.0014079106687149;0.0618697863340599;0.2982123767894877;0.2208502337717098;0.135124372807545;0.07484289651525583
2002-02-01;0.0014438781990534;0.1828287518118421;0.1390210825953548;0.0513143673228981;0.14725440578698468;0.08147107817880575
2002-03-01;0.0014248363799142;0.0008335095155202;-0.2308012002446107;-0.1030516085063528;-0.06109185651164445;-0.03177627697260614
2002-04-01;0.0014606291474173;0.1289599838740838;0.5082577686333992;0.1332093674533212;0.19466784591361472;0.10725524052965557
2002-05-01;0.0014079106687149;0.0444872957622506;-0.0760952752547967;-0.1761034201790194;-0.022589445063030074;-0.01086859832827784
2002-06-01;0.0013888379127944;-0.0219686050186984;-0.0257288234832145;0.1387646233365873;0.010318141191226093;0.006996357389828305
2002-07-01;0.0014164064792703;-0.0860982076464477;-0.1378083850719638;-0.4141185545969962;-0.16055902315547466;-0.08584134982313942
2002-08-01;0.001380375751753;-0.0337360752839332;0.2153419886306598;0.2749513182969663;0.06992981332339987;0.0393845843556976
2002-09-01;0.0013083661510795;-0.1039305691206065;0.254703520282129;0.4655230327731146;0.07004039429727119;0.03937267133184746
2002-10-01;0.00118367611059;-0.0698074719474059;0.0481741973402131;0.0494551455329871;-0.025837571815963398;-0.01285806692356018
2002-11-01;0.0010144638603899;0.0047514975993833;-0.3915016097330551;0.0181452174011511;-0.059345920366359384;-0.031237799233261282
2002-12-01;0.0009467381762035;-0.0368069210571924;0.2063730838140254;-0.0199469273727592;0.007488731905761398;0.005016580722606208
2003-01-01;0.0009552551958716;-0.0096320343929431;-0.0308268474358259;-0.0422733481442632;-0.020000967539496792;-0.009914514170399671
2003-02-01;0.0009954320765802;-0.0546883258750601;-0.0160843869788057;-0.1747574205703363;-0.07298839070191875;-0.038670997648804765
2003-03-01;0.0009509815394252;-0.0163847351112359;0.0207635873648316;-0.2247317763732439;-0.052717968807406874;-0.027699240569240485
2003-04-01;0.0009108785554787;0.0325116399157891;-0.4192050212535552;0.282609824621063;0.007722633925000569;0.00510783800252205
2003-05-01;0.0009341101938983;0.0248061027546878;-0.0529509024707729;0.0802133219361668;0.023103973313640114;0.01349024583422806
2003-06-01;0.0006613628909158;0.0034877300331165;0.0063705999149762;0.2145516508681071;0.046897088116151016;0.026148156505555506
2003-07-01;0.0007332664388859;-0.0062002576283426;-0.2301719728741502;0.4574585055145659;0.04877121696621893;0.027238578198844586
2003-08-01;0.0008093648543406;-0.0262540872333227;0.0820590902953838;0.1780738041583454;0.030822590583339193;0.01756027704147827
2003-09-01;0.000709970740982;-0.0252806970969833;0.0555018822009279;-0.1003548979813312;-0.02642128874700415;-0.013649000367413646
2003-10-01;0.0007628540949724;0.1192484971380151;0.2162656644828915;0.2601725927335321;0.16299504801721174;0.08934449777259511
2003-11-01;0.0007501790155767;-0.002717035548452;-0.0451170054762221;0.1337483184406759;0.016499349763983085;0.00971695156164377
2003-12-01;0.0006888802939033;0.0855596183706442;-0.0654661632732115;-0.1669564860424046;0.011784737762785451;0.007093439536875221
2004-01-01;0.0006888646882905;-0.0144067411041702;0.0551677202813086;0.2017581834070851;0.03886755985254725;0.021811913390441563
2004-02-01;0.0007776527106611;-0.0232520417166008;0.0765309180796981;-0.0160776349657251;-0.005299758301550201;-0.00210256547483782
2004-03-01;0.0007692157870303;-0.0433936402966472;-0.0073792315610505;-0.1079833876256212;-0.050047977695405206;-0.026429967138648817
2004-04-01;0.0006740675412496;-0.0304936747774678;-0.1299135199056446;-0.198360603481183;-0.08045824599760305;-0.043051946006926335
2004-05-01;0.0007565119060436;0.039483421003368;0.0014178835228391;-0.2607120448874001;-0.02578873810622638;-0.01325869185388934
2004-06-01;0.0009404827313135;0.0190202994379373;0.093659046032616;0.1270820325995787;0.053271902447490846;0.029891746822075384
2004-07-01;0.0010652172633845;-0.0825294546241326;-0.1368221362257224;-0.0947298605253074;-0.09438314174398915;-0.050228450445205956
2004-08-01;0.0012004789420591;0.019754744863415;-0.0184387796325314;0.0377926375704473;0.016781275884064906;0.010320467671171594
2004-09-01;0.0012154039017918;-0.0109764487925775;0.2085506955420226;0.0608116776259522;0.04111945548100003;0.023562272705138432
2004-10-01;0.0014565380828704;0.0001746007247118;0.2404167232584563;-0.2584447982143518;-0.010466059476010758;-0.004231369387268772
2004-11-01;0.0016933403574799;0.0373015008605612;-0.1167099622519936;0.1633000021027969;0.03627363978318185;0.021406691611101748
2004-12-01;0.0015898377666132;-0.0161386252154379;-0.0426039365180214;0.0652324333661801;-0.004760702832770914;-0.0009974241601603724
2005-01-01;0.0018013052302372;0.0431965100860927;0.2459996004533718;-0.3843144588784691;-0.00360027620260088;-0.0001553087135565956
2005-02-01;0.0020806767845999;0.0117108894985962;0.0504796073813016;-0.0274730688511733;0.010902042175499956;0.008005524361850067
2005-03-01;0.0021656591247663;0.0253580238685952;0.1520968126997582;-0.2988284339468229;-0.013617590077523573;-0.005234986027764628
2005-04-01;0.0022587518858718;-0.0638264850513891;0.1899868202516069;-0.0953159057592436;-0.02561552604932578;-0.01166231767249069
2005-05-01;0.0022922884250915;-0.0282319663183295;-0.6707499351562338;0.4256057686026858;-0.049034993768541965;-0.024356376050167678
2005-06-01;0.0024875846469055;-0.0182688136371495;-0.2048573464260397;0.2065605862053296;-0.0062445914533308874;-0.0009061146204052063
2005-07-01;0.002690848338477;-0.013770444562224;-0.2398413440541495;0.2584846694299194;0.0005350631099702644;0.0029816349011916026
2005-08-01;0.0027843281057316;-0.0515617760267725;-0.0624386214395917;-0.1763911748361716;-0.07697692111111426;-0.03904971703989246
2005-09-01;0.002654832328395;-0.0127169454964313;0.5653620442731729;-0.0860721531271252;0.0647091530031628;0.03782180950798178
2005-10-01;0.0030802929924755;-0.0267420248526108;0.188683584980768;-0.2145707445949752;-0.026354803010728334;-0.011242545632927125
2005-11-01;0.0033088016057356;0.043752414033872;0.0742609157790273;-0.1628165076585022;0.01118329137617695;0.009386497485937617
2005-12-01;0.003288502004898;0.0408275983214932;-0.003859736168361;0.0892794292935836;0.0425105508369331;0.026391378519152797
2006-01-01;0.0036057094833714;0.0274886436763108;-0.0555580253968288;-0.1417302078181897;-0.017904809612895152;-0.006124877332233401
2006-02-01;0.003686264847309;0.0182094349871626;0.2426510584044037;-0.2485843092138464;0.010909654608117304;0.00961524949376362
2006-03-01;0.0038271561581072;0.0096179237498442;0.1696511575608289;0.1441285560583671;0.060869845739879476;0.03690761505322954
2006-04-01;0.0038441269128013;0.0108273552034689;-0.5055205373445562;0.0092370071329582;-0.07420590167615497;-0.03648397397747696
2006-05-01;0.0039125171120682;-0.0590292074933564;-0.0509231195507069;0.0338529817919208;-0.041310664096190865;-0.01853826634160043
2006-06-01;0.0039035270896056;-0.0222824706170342;-0.1516176023486685;-0.197944877829225;-0.07503784318712417;-0.036876702545574874
2006-07-01;0.0041936940468239;0.04559446844201;-0.3000455633839176;-0.1602258844358781;-0.04614180982964994;-0.020882634385798623
2006-08-01;0.0041372049053608;-0.0323198730696625;-0.1865814754194603;-0.0988071337965544;-0.0687597945764304;-0.033231142762923695
2006-09-01;0.0038738265081967;-0.0145245056881203;0.0471036283863511;-0.1561445907977403;-0.029470798852872543;-0.012142438001902896
2006-10-01;0.0042926705513373;-0.0072722021212117;-0.3309681931789842;0.3121323003961693;-0.0034269876202376037;0.0024302323978085136
2006-11-01;0.0041499390878494;0.12005367224487;-0.0311324075402667;0.0174895410283805;0.07874692986812706;0.046945917046324455
2006-12-01;0.003973539504595;0.0041946212643334;-0.0651537868163918;0.041988580554097;-0.00028826333521417974;0.0038168792848159968
2007-01-01;0.0041672041935885;0.1032204759285901;-0.2847786020576138;0.3772729713651316;0.08762495051800878;0.051788050584185216
2007-02-01;0.0042860844432667;0.0114438632176969;-0.0654375497704486;0.1520435519827929;0.02228181152471396;0.01639540624772874
2007-03-01;0.0042090760286795;-0.0235146374795264;0.0425319417879967;-0.0259669427580755;-0.013844958307798215;-0.003315135157315667
2007-04-01;0.0039621557838185;0.0354533696698575;-0.1210635698348902;-0.1110533048746655;-0.01075200792210813;-0.0018811538514201453
2007-05-01;0.0039122651099474;0.0756512173366239;-0.1310032033545297;-0.0859581792821034;0.01884311962585853;0.014152787928139782
2007-06-01;0.0037762458255555;-0.0620218887999032;-0.0455905866650194;-0.010587928796207;-0.051419046825462514;-0.024168061314715092
2007-07-01;0.004254573966568;-0.0789839066177332;0.2667586782518627;-0.2307489087457546;-0.0505930526913665;-0.023240836603184857
2007-08-01;0.0034602423219377;-0.0307679945765894;-0.0707178809397744;-0.2043381246050867;-0.06471178514131634;-0.031708165325180844
2007-09-01;0.0028688310860923;-0.0925946582021156;0.2119669349492458;0.1272150943979575;-0.00998087994521487;-0.002555399659879772
2007-10-01;0.0033185456443578;0.0368503763689663;-0.2684629471629102;0.201445965674423;0.01802945073407762;0.013116870195056241
2007-11-01;0.0026823738527157;-0.007237615449803;0.0485198689756389;-0.6084681514333361;-0.09000466975524962;-0.04623175993581345
2007-12-01;0.0023813016900156;-0.0390072304367359;-0.015939094784867;0.0545197174535197;-0.021218657938804706;-0.00915023635188909
2008-01-01;0.0013867539932727;-0.0135615463617776;0.1480989681327552;0.262374132908441;0.05301240698983487;0.030196992117628444
2008-02-01;0.0017252736589415;-0.0245246655360989;0.0737940278191072;-0.0266829797536307;-0.009688290616475324;-0.003539945853391472
2008-03-01;0.0010313288660755;-0.0056039005828195;-0.1077591611371051;-0.0143993229780041;-0.022634397304389944;-0.011269609973879281
2008-04-01;0.0010483352874734;0.0524890947231921;0.0627844275333656;-0.1609163150421581;0.021599546903697857;0.012786872075532274
2008-05-01;0.0016236948175102;0.0954893548019151;0.1782447736871548;-0.2846904303021259;0.05016720730501703;0.02888767452642252
2008-06-01;0.001412010888934;-0.0317721909358421;0.1103826784003468;-0.2071663514898595;-0.036080360965550284;-0.018196300637640044
2008-07-01;0.0013190560928007;-0.0274591937150328;-0.1728389582881147;-0.0623634690601194;-0.056528491953053074;-0.029402041221087923
2008-08-01;0.00138672236503;-0.0068125803323407;0.1955495723964478;-0.366107462929451;-0.0318628813162287;-0.015929548488784587
2008-09-01;0.0008029799252121;-0.1010748138886648;-0.1547156211940153;-0.1470972451122745;-0.11738999721235446;-0.06299404354806452
2008-10-01;0.000211251792281;-0.204968819522262;0.4499491533694626;-0.6598573849124193;-0.16913618308677408;-0.09170786652107839
2008-11-01;2.534759187629084e-05;-0.282254837984882;-0.1592992790987655;0.0640168438563942;-0.19352448810578926;-0.1051478920667368
2008-12-01;2.534760243808833e-05;0.0863571707183551;0.6385307061266213;-0.8054051821856587;0.029732832106565382;0.016184017275103456
2009-01-01;0.0001478710165295;0.0505973528908773;-0.1829547885617463;-0.1832298571081709;-0.0340392512501108;-0.01835117458007039
2009-02-01;0.0001436457911327;-0.1314408355671012;0.0989440612418877;0.2958222047986133;-0.011657944383072341;-0.006192006045638499
2009-03-01;0.0001267440327782;-0.0789287375680047;-0.2409187128372248;-0.1874981391972406;-0.12869741026522427;-0.0698154307573608
2009-04-01;2.9572262401272488e-05;-0.013638122299541;-1.0717650153888587;0.8444479225943137;-0.04523258321268245;-0.024552625893343637
2009-05-01;6.759514621930583e-05;-0.1004971016994014;-0.6809164644955754;0.7290469302639945;-0.06010832647470239;-0.03259900683102637
2009-06-01;0.0001204064548304;-0.0514326143487202;-0.6431610579241808;0.5530508208644448;-0.04926578753695767;-0.02665368570430944
2009-07-01;0.0001077321809496;-0.0389356854681325;-0.870073965281708;0.4666621627643912;-0.08476087376390289;-0.045956596821028164
2009-08-01;7.815704793933e-05;0.0024475660890922;-0.5382029153463386;0.3760324325699433;-0.01967853370817528;-0.010616381726340478
2009-09-01;3.5909327893473344e-05;0.0565481396653517;-0.0967568047503455;-0.170331084840958;-0.0018530445821919959;-0.0009711503152997812
2009-10-01;8.449113972833334e-06;-0.0223612192455509;-0.049856653842423;-0.1543175006130256;-0.047134717645163804;-0.025607487161884834
2009-11-01;6.125769923293001e-05;0.0152976674692036;0.3258093592931715;0.1477762980261684;0.08227207349782925;0.0447730178898513
2009-12-01;3.1684605365282496e-05;0.0061193336260124;0.1618872128770913;0.0195752101144705;0.03135870174974893;0.01707395293425204
2010-01-01;1.26737008835075e-05;-0.0025666612631124;0.1329707703052093;0.1734582173676717;0.045189765179302066;0.024571601874981634
2010-02-01;6.125788429285583e-05;0.0123841721614287;0.0943340910997206;0.0321410463119045;0.027631675854306027;0.015078028605347174
2010-03-01;0.0001119576488394;0.0319945527420913;-0.1149679586274154;-0.1332395309067763;-0.015966992355081495;-0.008565498780706858
2010-04-01;0.0001182948578137;0.0069159253199386;-0.2018537607160782;-0.0674231162139593;-0.035860066752632404;-0.01937029509617077
2010-05-01;0.0001140697721025;-0.0223967797278928;-0.0184778904425412;0.1558299044187535;0.006519064957235435;0.003656935007444663
2010-06-01;0.0001351960011536;-0.0006691464625652;-0.160980015207051;-0.0257943041196896;-0.02913038972379798;-0.01569606902250081
2010-07-01;0.0001182948578137;0.0224441081866682;0.1090178158556373;-0.0975489166379356;0.016376410239841398;0.00901825442241973
2010-08-01;0.0001267440327782;-0.0212974054848112;-0.0307085821416848;-0.0373711361423061;-0.025313776443699407;-0.013630336027923995
2010-09-01;0.000111957442784;0.0247531651838548;0.1702332930012047;-0.2640822645939097;0.0015509090830726456;0.0009548178697990745
2010-10-01;0.0001056196605424;-0.0090603851704897;0.1955312176999806;0.0492397407272332;0.03233014272626358;0.01767582941760295
2010-11-01;0.0001415318687154;0.0108705151700806;-0.0496232885016686;0.1309295312105187;0.02053006632833484;0.011298846414752898
2010-12-01;6.759514621930583e-05;0.0178129059843559;-0.2487868909055648;-0.0487830451556742;-0.034301511669291365;-0.018573979068796917
2011-01-01;0.0001246317577422;0.0184615075684142;0.0121828096738321;-0.0480758016235562;0.0068915136488511336;0.0038699087699465336
2011-02-01;6.548250912240668e-05;0.0160053709242859;0.0207419341735153;-0.1689684542270649;-0.012740118713681393;-0.006858290145533752
2011-03-01;4.858353391571e-05;0.0428589330665652;0.1470751926575719;-0.1118722379166775;0.03446905121539087;0.018781209155431904
2011-04-01;1.26737008835075e-05;0.001486307496703;0.0717027234955621;0.0145225432859921;0.01476382137991035;0.008036252212650238
2011-05-01;3.590920071062167e-05;-0.0297107572715638;0.0774784804882592;0.0953787825649477;0.007210838020266204;0.003954726931055568
2011-06-01;6.336828658632833e-06;0.0070861828196633;0.0057000896598268;-0.1457811186865174;-0.01749294620531882;-0.009500417802732048
2011-07-01;7.393245303801418e-05;0.0365648937615406;0.2318741933776362;0.0829015159011345;0.07486586819293548;0.040760700183442855
2011-08-01;0.0;0.0050787332155843;0.2458581130423535;0.0499021973638123;0.05010380566004446;0.027229523312893817
2011-09-01;1.26737008835075e-05;-0.0598341947507131;0.1122929414093725;0.2451548557157116;0.01600818204710597;0.008712515170137951
2011-10-01;4.224546131585167e-06;0.0401399241918926;-0.1862832943736426;-0.402847863240313;-0.06642507245839553;-0.03609528995659446
2011-11-01;0.0;0.0214441417572252;-0.0202347490246879;-0.0096627282846673;0.010103674060983357;0.005490964703482022
2011-12-01;0.0;0.0076478451820219;0.1376509118244705;-0.0079450601635061;0.02542118023331006;0.013815449958049706
2012-01-01;3.168452285096251e-05;-0.0102602671587674;-0.0845649887514927;-0.1220663811220538;-0.03892731378155458;-0.021123838179658117
2012-02-01;4.435880331763833e-05;0.0367881256135175;-0.3056306081572448;-0.1104394808822701;-0.0382898251180447;-0.02076471292214339
2012-03-01;2.9572248025438326e-05;0.0080275461777222;-0.0222839586210419;0.0095745440778892;0.003646801373564394;0.002011470862528342
2012-04-01;6.337010190380917e-05;0.0055406214423076;0.1158927895718086;0.0202249494760839;0.024573734162598348;0.013418265173256224
2012-05-01;2.3235264315419165e-05;0.0273880502675393;0.2874124876173758;-0.0769994770825132;0.05008567779814216;0.027242906769910792
2012-06-01;2.9572248025438326e-05;0.0118430686934657;0.0620733515889615;-0.1038824297235597;0.00152892574458007;0.0008604855620399493
2012-07-01;5.069571184789917e-05;0.037256968382419;-0.1933747816928262;-0.028614340402752;-0.0071873979022178715;-0.003855383200907328
2012-08-01;6.548272058906417e-05;0.02065538859096;-0.240238820134449;0.1199785435870182;-0.0027530852565869277;-0.001430714987131158
2012-09-01;3.3796934686825e-05;-0.0018378160768346;0.039986162265407;-0.069115785209269;-0.005929973914037286;-0.003188919599715987
2012-10-01;7.81575500276425e-05;-0.024963205418803;0.1883355120136519;0.0160140204227082;0.012631839051180602;0.006943084303548416
2012-11-01;0.0001013941276757;0.0311695986552693;-0.1422091962222171;-0.0368934231736462;-0.004980030109260309;-0.002605063878310754
2012-12-01;2.112291255073917e-05;0.0055602622026075;-0.1627214758664281;0.1914019475512264;0.010296843314205245;0.005617067798967932
2013-01-01;5.0695923089909166e-05;0.0062603865691306;-0.2120076569944631;0.0805384243894579;-0.01380138777449939;-0.007449836326014408
2013-02-01;4.0134028564707503e-05;0.0098150364797231;-0.0803708954359171;0.0237609296059158;-0.0011477484698693367;-0.0005836238538144327
2013-03-01;3.3796953463506674e-05;0.0161880957832872;-0.1988066706362347;-0.0189814827714784;-0.020783526370953417;-0.011261263539183258
2013-04-01;1.26736903217575e-05;-0.0507203794155747;-0.2294745072487665;-0.1031238358145522;-0.08501294770070233;-0.046188647962178905
2013-05-01;1.26737035238375e-05;0.0036708881479453;0.2045705268658257;0.0761615679091492;0.04366357156641376;0.023742173373845214
2013-06-01;8.449113972833334e-06;-0.012571644772481;-0.0529942205615417;0.0973917289282365;-0.001013671052515477;-0.0005424427632501174
2013-07-01;8.449116319694167e-06;0.0266739051682324;0.2783708815953676;0.2011588879285797;0.08978716937395882;0.04880437967407822
2013-08-01;8.449113972833334e-06;-0.0328256363619368;0.0521520088606334;0.0282292321945111;-0.011001788162316149;-0.005970606634445159
2013-09-01;1.6898293661565835e-05;0.0483985803938708;0.0222572770640262;0.0290063599631962;0.04164568983508585;0.022649755564827363
2013-10-01;2.957226240127249e-05;0.0579979923493724;0.1824889786051226;0.0571594568367863;0.07427910875048929;0.04039745842868792
2013-11-01;2.112293455406917e-05;0.0422300279259918;0.0161664156759032;-0.0405268512674688;0.029495103063610528;0.016050595863937853
2013-12-01;1.26736903217575e-05;-0.0117228509585003;-0.1057196937831281;-0.138559362203709;-0.03774925312066631;-0.020502617600479583
2014-01-01;4.224636786189917e-05;-0.0405066301795835;0.1846470406681365;0.0842017153542033;-0.0013432073441225142;-0.0006877360198831705
2014-02-01;2.534758131479167e-05;0.0309062530675185;0.2063626565104531;-0.0193547976225639;0.041133761621293494;0.02237999123081346
2014-03-01;1.4785991038194997e-05;0.0123725314412558;0.0320453827190125;0.0239248599112332;0.015420154277067718;0.008395056608099786
2014-04-01;8.449116319694167e-06;-0.0210419471820431;0.0888622827016619;0.095836182332214;0.004742254506444573;0.0025856850755011968
2014-05-01;1.9010618655295835e-05;-0.0161713638491114;0.0578550547387906;0.1519685146428621;0.012996183114609042;0.00708194459015773
2014-06-01;1.2673692962354166e-05;0.0159750157604982;-0.0658132814689851;-0.1274613681232876;-0.011841024276459942;-0.006422475141281339
2014-07-01;4.224547305044166e-06;-0.0234478760819939;-0.0217892783143742;0.0389554760939961;-0.014108058678035648;-0.007662971738736609
2014-08-01;4.2245470116049165e-06;0.0263706205637773;0.0532487564467657;0.0402367161477473;0.03175540451278082;0.017262085823219732
2014-09-01;1.26736903217575e-05;0.0104875865019891;-0.1237794691273033;0.1551190085571217;0.016815836729345345;0.009151444931658217
2014-10-01;2.1122710121504165e-06;0.0186335500541382;0.0487386404292284;0.0124467367777134;0.02117528120000699;0.011510076696007506
2014-11-01;4.224547305044166e-06;-0.0197693104319077;-0.1393318615719495;0.1060607599997057;-0.014609526593930814;-0.00793550058413377
2014-12-01;8.449116319694167e-06;0.0263426148004198;0.0021041874857945;0.1429130873149112;0.04127821607299301;0.022441598296653514
2015-01-01;-1.6897988556451668e-05;-0.008758754536502;0.190921177456745;-0.0288668969084055;0.012096399646534608;0.006557037700325956
2015-02-01;-4.224527062398917e-06;0.0546972743215205;-0.1796221008469079;-0.2677260707566329;-0.0236018430889514;-0.012830933559473526
2015-03-01;2.9572190522339168e-05;0.0339220932012999;0.0471720556442415;-0.1002460318665328;0.014826082015230235;0.00808698700271745
2015-04-01;-4.224526769145084e-06;0.0059139524079664;-0.1422578672536389;0.0782873755756219;-0.001290703735391311;-0.0007056731889992797
2015-05-01;2.1122710121504165e-06;0.0125223357671932;0.138265551951536;0.0693192730386293;0.036628459431182744;0.019908294583070297
2015-06-01;-3.802012046043917e-05;0.0260307257217692;-0.0394403764157522;0.0260966801806949;0.017967666755285355;0.009726727174603926
2015-07-01;2.534758131479167e-05;0.0325610775046861;0.027807025461753;0.2762325131751164;0.0685282345240031;0.03726785111934128
2015-08-01;-6.336785093000083e-06;-0.0215337354790985;0.0335629960203457;-0.0108305458115375;-0.013043624027878915;-0.007095053098612162
2015-09-01;-2.3234634228829165e-05;-0.0120896970034846;-0.0158063682692804;0.0421223287413901;-0.004108631272134311;-0.0022561203309311452
2015-10-01;2.112293455406917e-05;0.0345813066344964;-0.0514486966701611;-0.0106453752837681;0.016576897212900635;0.009030039586050635
2015-11-01;0.0001013941276757;-0.0089355138701876;0.0075879545433394;-0.0230663996555152;-0.009057006402119426;-0.004820746291055132
2015-12-01;5.703312141972583e-05;0.0412304784793699;0.1199590674587715;-0.1466402573006027;0.022092663766181193;0.012063560273206176
2016-01-01;0.0001901243680964;0.0398465045637053;0.0849093310622884;-0.0874665491695569;0.025728302447159457;0.014172483633168838
2016-02-01;0.0001858972387852;-0.030328820029449;-0.2423772188749442;0.0176008021450626;-0.05020557526961282;-0.027098934007703284
2016-03-01;6.33703659617325e-05;0.0129075014160272;-0.2073585131354988;0.0351651093680926;-0.011654726043667123;-0.006270532425069153
2016-04-01;0.0001098447063454;0.0135051269164099;0.0718180533131199;-0.1194533283095733;-0.0004698570956863466;-0.00014550485387618183
2016-05-01;0.0001901219911604;0.0384324081048895;0.2471164999090129;0.0067659526832319;0.059403820557085284;0.0324738516485271
2016-06-01;0.0001753359734304;0.0254783868783927;0.2116141771391886;-0.018353761010863;0.0412273294187029;0.02258083018183037
2016-07-01;0.0001520962618818;-0.0016480539312125;-0.310880268898748;0.5160074988677499;0.03535291624919162;0.019365069099069106
2016-08-01;0.0001985765744022;0.0057281596614178;-0.1149346226182715;0.094768599088812;0.003470228488637369;0.002084514504418027
2016-09-01;0.0001563215271903;0.0209445067745713;-0.4079082688388591;-0.1262198555509565;-0.048721234798729;-0.02632182681520026
2016-10-01;0.000135194498798;-0.0184216428217518;-0.1915836627514268;-0.088913017000275;-0.048618997642783685;-0.026287391816225903
2016-11-01;0.0002535102506613;0.0704586796055845;0.2108117043065657;0.3938399025797866;0.13445967985766277;0.07332726061945152
2016-12-01;0.0003422529600522;0.0522093941927956;-0.1520774442770617;0.0430757798469702;0.026707025253106514;0.014856511052176185
2017-01-01;0.0003929580849915;0.0182204972259195;-0.0716818352915772;-0.3320474762178811;-0.04245266607068396;-0.022678460248167498
2017-02-01;0.0003574588391557;0.0409133091934319;-0.0585996411776135;0.1078610955150207;0.038385820003628425;0.021218700154141647
2017-03-01;0.0005747216062905;0.0347022263014926;-0.0626450715127429;0.1542612290803831;0.03987589373336055;0.022245761634710853
2017-04-01;0.0005620399405601;-0.016637085180711;0.0393326862908386;0.029019517735922;-0.0031499805260414085;-0.0011498553344410516
2017-05-01;0.0006254629313185;-0.024854759669945;-0.1614539544424348;-0.0622643127847811;-0.04770843108678614;-0.025302264900645126
2017-06-01;0.000714231795508;-0.0042109553563883;0.0695550276696938;0.3216512249820668;0.051335301628711284;0.02861302658881731
2017-07-01;0.0008114465552501;-0.0299685281737968;0.1642045030640072;0.0841009359644032;0.011402010984102314;0.007008008269784138
2017-08-01;0.0009256664231051;-0.0709174180215354;0.1680918269582966;0.1524191624551138;-0.004941142421231472;-0.0017596575952766925
2017-09-01;0.0007987940148765;0.0335109659560247;0.2872684969885505;0.3047322173204017;0.10745473463812105;0.059196378057935393
2017-10-01;0.0008368035622846;0.0184699271851998;0.066130347517113;-0.0287787274415975;0.01800404612596441;0.01062132166934546
2017-11-01;0.0009192950928711;0.0111838167548716;0.1018985697644518;-0.1677250650238737;-0.0021992317215937286;-0.00027590416683996176
2017-12-01;0.0010313813414599;-0.0090026277382396;-0.1097905452646629;0.0829284968625968;-0.009374082884321042;-0.004063078152645368
2018-01-01;0.0011265898776812;-0.0007387967617219;0.1865464105552394;0.0376185917538705;0.030270205412900483;0.017577301617407497
2018-02-01;0.000992895837413;-0.0024918884270635;-0.0129618756468892;0.03703594464878;0.0017947757896932507;0.0019682885957687216
2018-03-01;0.0013571355129147;0.0187954266003111;-0.1269296875644325;-0.048571192087412;-0.010967549311638302;-0.0046033127151671165
2018-04-01;0.0013739360395475;-0.0198783764175944;0.1117467543987553;-0.0437368452977229;-0.005252678428229667;-0.0014806960154916358
2018-05-01;0.0014650362652285;0.0435184603323014;0.1702286923314398;0.0483912405101671;0.06176234512894664;0.03503053482153426
2018-06-01;0.0014819269675485;-0.0012838104456916;-0.01324256123381;0.1321867312369946;0.016025459932376595;0.010191158313950522
2018-07-01;0.001596018262658;-0.0035911768924317;-0.0803660653025425;0.0832631285251053;-0.002020416935308236;0.0004979980760274846
2018-08-01;0.0016363915419505;0.0248542434230004;-0.0143707045707165;0.1701683910707998;0.03973326836531182;0.023229920077318937
2018-09-01;0.0017379718251319;-0.0208528917139465;0.0321049380416852;-0.1681359077864439;-0.03372478546708395;-0.016590173512351238
2018-10-01;0.0018142728929399;-0.0714799131542261;0.0366087253257143;-0.2946667400436072;-0.0861885816082251;-0.04502596132260081
2018-11-01;0.0018818387179451;0.0547193197764419;0.1137461503778554;-0.156376198485704;0.034578687780418116;0.02067404766579803
2018-12-01;0.0018817222214288;-0.0622119607468509;0.0415899913890135;0.1250237607167837;-0.020028662739946773;-0.009003098438778601
2019-01-01;0.0019622724752707;-0.0156851443634202;-0.2672761019265978;0.0997523302448685;-0.036661612686907825;-0.017961927377326978
2019-02-01;0.0020215439460972;-0.012373232796572;0.1118345076200605;0.2248080863712071;0.038894668766800186;0.02315932531781125
2019-03-01;0.002017243200786;0.0115142150552494;0.1041000227658405;-0.0506773827082889;0.016713202911146433;0.01110023684382383
2019-04-01;0.0020086434690135;0.0204878987773081;-0.0797132056004574;-0.0373977929653602;-0.0023062110984472944;0.00075530496423595
2019-05-01;0.0019579758793995;-0.023367776788783;0.4189111276825527;-0.1599280088772172;0.019946896608267213;0.012798359739658404
2019-06-01;0.001693434687727;0.0091463860682311;-0.2267879615880539;0.1384911196613708;-0.005539733185787127;-0.0013172007708464328
2019-07-01;0.0018776635503075;0.0181603026393111;0.0648683870951298;-0.0584594062206137;0.014030030288213147;0.00950245435772832
2019-08-01;0.001737872462745;-0.0074295776813065;0.1800493132710217;-0.3990518625417454;-0.03293358931042652;-0.016160287688803333
2019-09-01;0.0015008579504104;-0.0146433214377979;-0.2563535989600858;0.4637603485351264;0.012497922003614291;0.008293005853688891
2019-10-01;0.0012640028773355;-0.0057091859729395;-0.0428569844075812;0.1758288760039876;0.011916888039137687;0.007740380797218985
2019-11-01;0.0013591599330884;-0.0152935036460433;-0.0092326827541979;0.0553749593496341;-0.005634902405519386;-0.0017031963968486231
2019-12-01;0.0011793314526302;-0.0030298587971901;-0.0869588905578144;-0.0736286361066461;-0.02329611061838951;-0.011481223545671052
2020-01-01;0.0012999336293397;-0.0596420479094001;0.3704716282885998;0.1445047129613138;0.02534209136088994;0.015072401776587127
2020-02-01;0.0012047562290165;-0.0423212865858688;0.2033492131213117;-0.025444646666611;-0.006779030416188089;-0.002479390400659815
2020-03-01;3.37963526234375e-06;0.0286380150814033;0.583372808680935;-0.752635829651173;0.008553978145217286;0.0046521432222751
2020-04-01;6.125782260608333e-05;-0.089224261341411;-0.3018665502571084;1.2193145795144364;0.012004769254768434;0.00658539585927629
2020-05-01;0.0001056192937732;-0.0028742710268783;-0.1098176342881025;0.4245789149701398;0.02434332366703408;0.01333529497554328
2020-06-01;9.716900794120834e-05;-0.0477156848292271;-0.0204897005962414;0.3414063851944042;-0.005963371505302767;-0.003143697854125898
2020-07-01;7.604470849571666e-05;0.0234087599147521;-0.057490871254508;-0.0667653277560718;0.003522090331312568;0.0019901675884483926
2020-08-01;7.604461343350251e-05;-0.0022136562696976;-0.6045780807722523;-0.1010063216717316;-0.08823031303352287;-0.047873793407874565
2020-09-01;7.18200124438275e-05;-0.0236129175973928;0.1860485173193635;0.2619245510346236;0.030923859075797592;0.01687776779498052
2020-10-01;6.337016791798583e-05;0.0326923936575292;-0.4797814825175639;-0.1045157358479148;-0.042985024616470996;-0.023297364899616067
2020-11-01;5.9145301110025e-05;-0.026914473461696;-1.2110351990248387;-0.1060102417051778;-0.15376524416327214;-0.08350644907839112
2020-12-01;4.224633852292167e-05;0.0116608023761261;-0.0170562981074873;0.1484059941303442;0.022530125882176295;0.012286517604335738
2021-01-01;4.43586739325525e-05;0.0400781837716618;0.320345898496877;0.1135039627850807;0.0750521405294671;0.040832358373911706
2021-02-01;2.534756019133e-05;0.0022089982881358;-0.0694064649626043;-0.060360508354118;-0.011089703100107526;-0.0060014866317322215
2021-03-01;1.26737008835075e-05;0.0053227258134851;-0.1224088437273301;-0.1003662313481976;-0.017792763148257805;-0.009657020099095479
2021-04-01;4.224546424870749e-06;0.0312351638326788;-0.1323132863019573;-0.0020167245265643;0.01170583526394423;0.006365903265585485
2021-05-01;4.224546424870749e-06;0.0159656492605247;0.2360902258703709;0.082003722725134;0.044175524849338024;0.024011951462538383
2021-06-01;2.957224802543833e-05;-0.0350806968125179;0.4250271730905489;0.4553199951340312;0.05790603197082579;0.03149931045923214
2021-07-01;4.647104337551417e-05;-0.0049332788408924;-0.1528715252796191;-0.0244773948747445;-0.021354373160532143;-0.011558823088416152
2021-08-01;3.379685958032667e-05;-0.0025991293062405;-0.1615102365358889;-0.0848134342209963;-0.0263581861201213;-0.0142908803578189
2021-09-01;3.802159377018e-05;-0.0411507157006448;0.0606749744292611;0.1838565403850242;-0.0082577276386166;-0.004449741047911734
2021-10-01;4.224630918412167e-05;0.0876864069467442;0.0691204662579707;-0.382645045161586;0.036933507461374596;0.020114210687898443
2021-11-01;6.759484577918501e-05;-0.003104203229553;0.0097865989165192;-0.0808160059923205;-0.009694596021118069;-0.005201051415489422
2021-12-01;4.224630918412167e-05;0.0482391833976093;0.1077742610643468;-0.1743984500531197;0.03184327553064002;0.017347862160075844
2022-01-01;2.957220489815417e-05;-0.0543464664514799;0.0061804219964676;-0.0972650206749618;-0.0525294776505465;-0.028518212089266408
2022-02-01;5.9145301110025e-05;-0.0928574316216015;-0.2277186276648914;1.3270327142813854;0.0227801819857911;0.012439312601429867
2022-03-01;3.379691591032333e-05;0.0306989589444119;0.014192303309054;-0.0764304408269654;0.0191127005428114;0.010420826766176982
2022-04-01;0.000291537760297;-0.0025763402105175;0.1223193036767422;-0.0223110476166063;0.009095796739504863;0.005234759260239875
2022-05-01;0.0005746998840538;-0.0045306013994981;-0.3692989294667267;0.1294196892365682;-0.031084258231784914;-0.016318418773026026
2022-06-01;0.0009340958457161;-0.0554090403497058;0.1581837593023219;0.1833341372601675;-0.010213375806614595;-0.004616487607295622
2022-07-01;0.0018055911626338;0.0417065568330318;-0.2164214913825174;-0.0400097285881941;0.006087655851185602;0.005114001865913415
2022-08-01;0.0019623358190475;-0.0998250320159658;-0.3124393444990155;0.3247722351259847;-0.08263990825764342;-0.04294932865101046
2022-09-01;0.0022712878718427;-0.0343646671689289;-0.199325869359238;-0.1041801170870957;-0.05927065866411974;-0.02994007333324522
2022-10-01;0.002881135654291;-0.0065017456334675;0.0691316498898926;0.4097135363536735;0.041102750399041224;0.02521892587742503
2022-11-01;0.0033203032800051;0.0405360872286922;0.2427246770052763;-0.094420133867851;0.05002268122305037;0.03050573852974132
2022-12-01;0.0033262994360549;-0.0571227375295444;-0.1002792718146339;-0.1370587267732801;-0.069663955246595;-0.03453342535862783
2023-01-01;0.0037371452171155;-0.1283968431613166;-0.6654541160866319;0.1895160972877544;-0.15745688170200528;-0.08183471453683103
2023-02-01;0.0036820249317449;0.0046638868341906;0.1130621308163208;-0.0328840422486209;0.013250187133763209;0.01088300048052901
2023-03-01;0.0038881788842497;-0.0287351849544858;-0.36936689373148;-0.2618632800172295;-0.09126291060328795;-0.045709761215068666
2023-04-01;0.0034746881452196;-0.0062744357480597;-0.1119172901961788;-0.0327061616759975;-0.02099486629218978;-0.007935227601163705
2023-05-01;0.0041287155540311;-0.0127608373456586;-0.1384980587922643;0.2658401041464272;0.001056511646411986;0.0047028896736880516
2023-06-01;0.0043018495762031;-0.0338454023967672;-0.0616292598988371;0.4836419120154265;0.014450209145983831;0.01215499170050554
2023-07-01;0.0044415771726095;-0.0270203429735102;0.0070576442652904;0.1731110612108104;-0.0032635135405947213;0.002667980998328599
2023-08-01;0.0044634518342988;0.0007451618586521;0.2251943475368787;0.1882279990646699;0.04444837538597876;0.028619462697120963
2023-09-01;0.0044716127231124;0.007396007988338;-0.1121032457301741;0.0587117454553841;-0.0008978389090041356;0.003983671234798525
2023-10-01;0.0044751976559595;0.021981380866624;0.1019693342147412;-0.197369444264743;0.009143752069290453;0.009444481063838751
2023-11-01;0.004454961785125;0.0224028084325014;-0.034142720323366;0.2697366404456469;0.040361161199820854;0.026389726327420093
2023-12-01;0.004484346181478;0.0167309703590889;-0.1032380459886522;0.2647129358351224;0.027641628279387855;0.019506525669136278
